case,p_mode,q_mode,norm,solved,termination,iterations,time_s,warm_start,linear_solver,mumps_pivot_tolerance,initial_delivery_fraction,max_constraint_violation,constraint_allowance_ratio,max_tsbi_residual,max_voltage_band_violation_pu,max_line_ampacity_ratio,max_inverter_apparent_power_ratio,curtailed_w,delivered_w
4bus_120v,CONSTANT_P,CONSTANT_Q,L1,True,optimal,9,0.023,True,mumps,0.001,0.0001,9.999946981587016e-09,0.0,1.0746958878371515e-13,5.090987631461985e-09,0.03799431071199938,0.6751030254034731,4867.675811752573,10792.324188247427
4bus_120v,CONSTANT_P,CONSTANT_Q,L2,True,optimal,9,0.036,True,mumps,0.001,0.0001,9.999840733243559e-09,0.0,2.711719737646945e-13,5.090935006890618e-09,0.037994310711523704,0.675103025397575,4867.6758118434445,10792.324188156555
4bus_120v,CONSTANT_P,CONSTANT_Q,LINF,True,optimal,10,0.025,True,mumps,0.001,0.0001,9.999665984139483e-09,0.0,1.4432899320127035e-15,5.090856403100474e-09,0.03569395723965707,0.6462331989384588,5253.63221823049,10406.36778176951
4bus_120v,CONSTANT_P,CPF,L1,True,optimal,9,0.026,True,mumps,0.001,0.0001,9.999689853934512e-09,0.0,4.618527782440651e-14,5.090865951018486e-09,0.015751381651070546,0.19185959483702167,12577.79158653897,3082.2084134610304
4bus_120v,CONSTANT_P,CPF,L2,True,optimal,9,0.03,True,mumps,0.001,0.0001,9.999708838748234e-09,0.0,1.6219664500383146e-16,5.090878163471757e-09,0.01575138165103328,0.19185959483697346,12577.791586535928,3082.208413464072
4bus_120v,CONSTANT_P,CPF,LINF,True,optimal,10,0.037,True,mumps,0.001,0.0001,9.99935156897891e-09,0.0,2.0984371647732777e-16,5.0906963089403234e-09,0.015673154649929806,0.18717893244043976,12676.290705856813,2983.7092941431874
4bus_120v,CONSTANT_P,UPF,L1,True,optimal,9,0.027,True,mumps,0.001,0.0001,9.999805206106771e-09,0.0,1.249000902703301e-16,5.0909272353294455e-09,0.018389146712885492,0.443227780914609,8527.35544571474,7132.64455428526
4bus_120v,CONSTANT_P,UPF,L2,True,optimal,9,0.026,True,mumps,0.001,0.0001,9.99983174043706e-09,0.0,1.8984813721090177e-14,5.090941002094951e-09,0.018389146712933773,0.4432277809154236,8527.355445699717,7132.644554300283
4bus_120v,CONSTANT_P,UPF,LINF,True,optimal,11,0.03,True,mumps,0.001,0.0001,9.99965499293154e-09,0.0,9.575673587391975e-16,5.090850851985351e-09,0.017201614439861842,0.4227157454923132,8807.983376281893,6852.016623718107
4bus_120v,CONSTANT_P,VOLT_VAR,L1,True,optimal,9,0.032,True,mumps,0.001,0.0001,9.999805095084469e-09,0.0,1.2797952353044342e-16,5.0909272353294455e-09,0.018385063186615588,0.44317456849205616,8528.268777934654,7131.731222065346
4bus_120v,CONSTANT_P,VOLT_VAR,L2,True,optimal,9,0.025,True,mumps,0.001,0.0001,9.999831962481665e-09,0.0,1.8984813721090177e-14,5.090941002094951e-09,0.01838506318666543,0.4431745684928892,8528.268777919595,7131.731222080405
4bus_120v,CONSTANT_P,VOLT_VAR,LINF,True,optimal,11,0.026,True,mumps,0.001,0.0001,9.99965499293154e-09,0.0,9.992007221626409e-16,5.090850851985351e-09,0.017197741631167038,0.4226617943460925,8808.903440254218,6851.096559745782
4bus_120v,MPPT,CONSTANT_Q,L1,True,optimal,10,0.029,True,mumps,0.001,0.0001,9.999881589450865e-09,0.0,9.49141163063233e-13,5.0909569893065054e-09,0.037994310711741204,0.675103025400216,4867.675811803153,10792.324188196846
4bus_120v,MPPT,CONSTANT_Q,L2,True,optimal,10,0.025,True,mumps,0.001,0.0001,9.999726824361233e-09,0.0,3.090024634012452e-15,5.090887489345164e-09,0.03799431071086399,0.6751030253892576,4867.675811958258,10792.32418804174
4bus_120v,MPPT,CONSTANT_Q,LINF,True,optimal,12,0.028,True,mumps,0.001,0.0001,9.999670202986977e-09,0.0,1.3058004724772038e-13,5.090858623546524e-09,0.03569395723997501,0.646233198942494,5253.632218178438,10406.367781821562
4bus_120v,MPPT,CPF,L1,True,optimal,9,0.025,True,mumps,0.001,0.0001,9.999457928344668e-09,0.0,1.4748621781472539e-12,5.090505350580088e-09,0.015751381652145187,0.19185959483011597,12577.791586682197,3082.208413317803
4bus_120v,MPPT,CPF,L2,True,optimal,10,0.029,True,mumps,0.001,0.0001,9.999708838748234e-09,0.0,5.7232845277762636e-15,5.090878163471757e-09,0.01575138165103344,0.19185959483698498,12577.79158653585,3082.20841346415
4bus_120v,MPPT,CPF,LINF,True,optimal,12,0.034,True,mumps,0.001,0.0001,9.999352568179631e-09,0.0,2.1786084218244935e-14,5.090696753029533e-09,0.01567315464994071,0.18717893244047484,12676.29070585173,2983.7092941482697
4bus_120v,MPPT,UPF,L1,True,optimal,11,0.032,True,mumps,0.001,0.0001,9.999915673297721e-09,0.0,1.8675227822651363e-12,5.090967203358332e-09,0.018389146713212186,0.4432277809200849,8527.35544563597,7132.644554364029
4bus_120v,MPPT,UPF,L2,True,optimal,11,0.029,True,mumps,0.001,0.0001,9.999827743634171e-09,0.0,1.2684432257452195e-15,5.0909387816489016e-09,0.018389146712920062,0.44322778091518533,8527.355445703064,7132.644554296936
4bus_120v,MPPT,UPF,LINF,True,optimal,14,0.03,True,mumps,0.001,0.0001,9.999656547243774e-09,0.0,1.1594518798521261e-14,5.090851518119166e-09,0.0172016144398594,0.4227157454923002,8807.983376281405,6852.016623718595
4bus_120v,MPPT,VOLT_VAR,L1,True,optimal,11,0.03,True,mumps,0.001,0.0001,9.99980787064203e-09,0.0,1.6588746909842125e-14,5.090928567597075e-09,0.018385063186618533,0.44317456849210024,8528.268777933386,7131.731222066614
4bus_120v,MPPT,VOLT_VAR,L2,True,optimal,11,0.038,True,mumps,0.001,0.0001,9.999827632611868e-09,0.0,1.9431564918692036e-15,5.0909387816489016e-09,0.018385063186651278,0.4431745684926413,8528.268777923222,7131.731222076778
4bus_120v,MPPT,VOLT_VAR,LINF,True,optimal,14,0.032,True,mumps,0.001,0.0001,9.999655992132261e-09,0.0,2.7049903312084482e-14,5.090851296074561e-09,0.01719774163120403,0.42266179434675527,8808.903440245558,6851.096559754442
J1,CONSTANT_P,CONSTANT_Q,L1,True,optimal,87,31.702,True,mumps,0.001,0.0001,1.0926704208102933e-08,0.0,1.65867154739066e-09,6.0226006404207055e-09,0.767592949944482,0.9013878188609262,6607948.849331541,7955851.150668459
J1,CONSTANT_P,CONSTANT_Q,L2,True,optimal,26,13.016,True,mumps,0.001,0.0001,1.0926414661938111e-08,0.0,1.5028825280046673e-09,6.025300480771989e-09,0.7923489412815182,0.9013878186676256,6938322.76151924,7625477.23848076
J1,CONSTANT_P,CONSTANT_Q,LINF,True,optimal,83,30.897,True,mumps,0.001,0.0001,1.0364959335262824e-08,0.0,2.0640108025493653e-10,5.991448670528143e-09,0.8571791044003628,0.9013871994978583,10385478.834295684,4178321.1657043155
J1,CONSTANT_P,CPF,L1,True,optimal,92,32.961,True,mumps,0.001,0.0001,1.9995187144905557e-08,0.0,1.9995187144905557e-08,6.032934818378521e-09,0.736464415752504,0.947368420991101,11392006.269020356,3171793.7309796438
J1,CONSTANT_P,CPF,L2,True,optimal,22,12.328,True,mumps,0.001,0.0001,1.1119463128039797e-08,0.0,1.7132406604503103e-12,6.057714552198945e-09,0.8238784109032349,0.7431515113673473,11526407.855769819,3037392.1442301814
J1,CONSTANT_P,CPF,LINF,True,optimal,58,23.719,True,mumps,0.001,0.0001,1.0470032840714794e-08,0.0,6.054632741350763e-10,5.891433341176366e-09,0.8786131297456564,0.9472138099109153,12968308.622685792,1595491.377314208
J1,CONSTANT_P,UPF,L1,True,optimal,67,25.107,True,mumps,0.001,0.0001,1.1097816887684075e-08,0.0,1.6861334941270674e-09,6.0422671310789156e-09,0.7636583463852595,0.8999999999909762,8717543.074009642,5846256.925990358
J1,CONSTANT_P,UPF,L2,True,optimal,21,12.005,True,mumps,0.001,0.0001,1.1096938479226992e-08,0.0,9.996142802393138e-12,6.058789470131387e-09,0.8003125737536213,0.8348575304342138,9083748.766077796,5480051.233922204
J1,CONSTANT_P,UPF,LINF,True,optimal,68,26.044,True,mumps,0.001,0.0001,1.0474242362334962e-08,0.0,3.895734309857101e-16,5.970738348182181e-09,0.8705375978249256,0.8999998251440476,12007265.575673014,2556534.424326986
J1,CONSTANT_P,VOLT_VAR,L1,True,optimal,55,24.467,True,mumps,0.001,0.0001,1.1093171936593649e-08,0.0,1.7180200851224323e-09,6.0251330591398755e-09,0.762173901046747,0.9011419683468959,8762295.613963755,5801504.386036245
J1,CONSTANT_P,VOLT_VAR,L2,True,optimal,28,15.877,True,mumps,0.001,0.0001,1.1095438345876119e-08,0.0,1.7238843021271443e-09,6.025212107019229e-09,0.8196873889485563,0.8520767387393557,9204967.651331319,5358832.348668681
J1,CONSTANT_P,VOLT_VAR,LINF,True,optimal,88,34.131,True,mumps,0.001,0.0001,1.0402960493038904e-08,0.0,1.3702497470013952e-11,6.009464703637946e-09,0.8718143035207081,0.901449377432163,12518612.775574643,2045187.2244253568
J1,MPPT,CONSTANT_Q,L1,True,optimal,89,32.115,True,mumps,0.001,0.0001,1.0926719751225278e-08,0.0,1.670832618621152e-09,6.0418696712361e-09,0.7823030536135201,0.8031025223567746,7016363.4443255635,7547436.5556744365
J1,MPPT,CONSTANT_Q,L2,True,optimal,29,13.922,True,mumps,0.001,0.0001,1.0926363591678978e-08,0.0,7.936876781470757e-10,6.0294631509805185e-09,0.7975788650694675,0.8030866879252849,7202438.275759377,7361361.724240623
J1,MPPT,CONSTANT_Q,LINF,True,optimal,89,33.423,True,mumps,0.001,0.0001,1.0364671343410237e-08,0.0,8.587676650007557e-12,5.991887874756685e-09,0.8572358061617603,0.802282532242678,10402764.06849906,4161035.9315009397
J1,MPPT,CPF,L1,True,optimal,90,31.0,True,mumps,0.001,0.0001,1.999472087899079e-08,0.0,1.999472087899079e-08,6.033917365755315e-09,0.7504385882952408,0.841350784291213,11396727.756033769,3167072.243966231
J1,MPPT,CPF,L2,True,optimal,28,13.822,True,mumps,0.001,0.0001,1.1119467568931896e-08,0.0,8.186621199904087e-11,6.057717882868019e-09,0.8238784110114086,0.7431515111134538,11526407.856543448,3037392.143456552
J1,MPPT,CPF,LINF,True,optimal,96,31.978,True,mumps,0.001,0.0001,1.046991093822669e-08,0.0,2.053388058541256e-10,5.902672572943857e-09,0.8786577563609522,0.8404389935325227,12972965.557204083,1590834.4427959174
J1,MPPT,UPF,L1,True,optimal,74,25.237,True,mumps,0.001,0.0001,1.1097822438799199e-08,0.0,1.6216144649654514e-09,6.046536826787019e-09,0.7769418646863753,0.8016799116535607,8894764.612202367,5669035.387797633
J1,MPPT,UPF,L2,True,optimal,36,16.141,True,mumps,0.001,0.0001,1.1096936924914758e-08,0.0,8.19214238682298e-11,6.058789914220597e-09,0.8003035095140143,0.8016561170464583,9089625.839620003,5474174.1603799965
J1,MPPT,UPF,LINF,True,optimal,93,29.743,True,mumps,0.001,0.0001,1.047417375055204e-08,0.0,3.372585814568644e-13,5.971575456342748e-09,0.8705959109717578,0.8006863940971016,12012485.720135279,2551314.279864721
J1,MPPT,VOLT_VAR,L1,True,optimal,84,29.894,True,mumps,0.001,0.0001,1.0976069608759076e-08,0.0,1.723678680860005e-09,6.02520944248397e-09,0.7759175412391202,0.8036270929627652,8983836.96330932,5579963.03669068
J1,MPPT,VOLT_VAR,L2,True,optimal,35,17.53,True,mumps,0.001,0.0001,1.097558466334192e-08,0.0,1.7238842139218393e-09,6.025211884974624e-09,0.8196453985667457,0.8035842445347298,9215786.743247468,5348013.256752532
J1,MPPT,VOLT_VAR,LINF,True,optimal,114,31.803,True,mumps,0.001,0.0001,1.0410707851349343e-08,0.0,1.1527614291830028e-14,6.009619690772183e-09,0.8712306537562291,0.8028430786591805,12521805.868499618,2041994.131500382
M1,CONSTANT_P,CONSTANT_Q,L1,True,optimal,53,10.645,True,mumps,0.001,0.0001,1.0234126213148897e-08,0.0,3.528212205153601e-16,5.4244440050865705e-09,1.0000002363743106,0.9013878188586762,1825412.9346637651,4897947.065336235
M1,CONSTANT_P,CONSTANT_Q,L2,True,optimal,37,8.269,True,mumps,0.001,0.0001,1.0234107339357479e-08,0.0,3.1361886268032006e-16,5.424493298988864e-09,1.000000236373594,0.8980794360635768,2060850.2856488973,4662509.714351103
M1,CONSTANT_P,CONSTANT_Q,LINF,True,optimal,42,9.138,True,mumps,0.001,0.0001,9.993952776454762e-09,0.0,7.652351686343595e-10,5.317392304249324e-09,0.9266117997879331,0.9013877579523916,3634027.1227303874,3089332.8772696126
M1,CONSTANT_P,CPF,L1,True,optimal,36,7.465,True,mumps,0.001,0.0001,1.0417008811103301e-08,0.0,3.920235783504001e-16,5.423563376183438e-09,0.8281031445229128,0.9473684210440382,3515462.1394940894,3207897.8605059106
M1,CONSTANT_P,CPF,L2,True,optimal,36,7.607,True,mumps,0.001,0.0001,1.0415731832580377e-08,0.0,3.1361886268032006e-16,5.424450666424718e-09,0.8358981255768786,0.9053269095273648,3587883.21348668,3135476.78651332
M1,CONSTANT_P,CPF,LINF,True,optimal,41,8.807,True,mumps,0.001,0.0001,9.675059087221882e-09,0.0,1.859523273480424e-11,5.248317114237011e-09,0.7217156374783358,0.9473666074486112,4486772.589379313,2236587.4106206866
M1,CONSTANT_P,UPF,L1,True,optimal,54,10.861,True,mumps,0.001,0.0001,1.0295839070195711e-08,0.0,3.3612959159340947e-16,5.4242188518571766e-09,1.0000002363743163,0.8999999999923797,2198199.556738739,4525160.443261261
M1,CONSTANT_P,UPF,L2,True,optimal,36,7.773,True,mumps,0.001,0.0001,1.023413354062086e-08,0.0,3.33781577319577e-16,5.424503068951481e-09,1.0000002363735099,0.8954195403730558,2437143.364455016,4286216.635544984
M1,CONSTANT_P,UPF,LINF,True,optimal,46,9.85,True,mumps,0.001,0.0001,9.987661808708026e-09,0.0,8.01816432693947e-10,5.417891246750628e-09,0.8122184586280267,0.8999999368470172,4100220.7938783607,2623139.2061216393
M1,CONSTANT_P,VOLT_VAR,L1,True,optimal,56,12.768,True,mumps,0.001,0.0001,1.0295839292240316e-08,0.0,4.704282940204801e-16,5.4242277336413736e-09,1.0000002363743252,0.9000812372010967,2198786.260164277,4524573.739835722
M1,CONSTANT_P,VOLT_VAR,L2,True,optimal,37,8.479,True,mumps,0.001,0.0001,1.0234133762665465e-08,0.0,3.760976204799151e-16,5.4245035130406904e-09,1.0000002363735048,0.8954257416755508,2437387.3286210857,4285972.671378914
M1,CONSTANT_P,VOLT_VAR,LINF,True,optimal,34,8.356,True,mumps,0.001,0.0001,9.989791216469257e-09,0.0,9.869466722805511e-11,5.419046322785448e-09,0.8111269098325122,0.900096772257861,4122107.481660631,2601252.518339369
M1,MPPT,CONSTANT_Q,L1,True,optimal,62,12.533,True,mumps,0.001,0.0001,1.0234126657238107e-08,0.0,7.212589036261278e-13,5.42444489326499e-09,1.0000002363743503,0.8014162988035448,2080863.1235958212,4642496.876404179
M1,MPPT,CONSTANT_Q,L2,True,optimal,46,9.575,True,mumps,0.001,0.0001,1.023410556300064e-08,0.0,5.318162337434764e-15,5.424493076944259e-09,1.0000002363736293,0.8014059336146157,2146268.6775793354,4577091.322420664
M1,MPPT,CONSTANT_Q,LINF,True,optimal,51,10.218,True,mumps,0.001,0.0001,9.993959770859817e-09,0.0,4.5352359911962375e-11,5.317396079007608e-09,0.9284779261249613,0.8014062820842487,3651294.7092751004,3072065.2907248996
M1,MPPT,CPF,L1,True,optimal,49,9.717,True,mumps,0.001,0.0001,1.041701014337093e-08,0.0,9.157116295553555e-14,5.423580695662622e-09,0.832378285704618,0.8399905820151251,3565130.8560487092,3158229.1439512908
M1,MPPT,CPF,L2,True,optimal,48,9.994,True,mumps,0.001,0.0001,1.0415735163249451e-08,0.0,8.01816945239212e-15,5.424450444380113e-09,0.8370997835869098,0.839356223654465,3600594.494533257,3122765.505466743
M1,MPPT,CPF,LINF,True,optimal,53,10.949,True,mumps,0.001,0.0001,9.850789517429348e-09,0.0,4.448048009110135e-10,5.343643749711191e-09,0.6452938654466365,0.8393182963522742,4509861.311555813,2213498.688444187
M1,MPPT,UPF,L1,True,optimal,60,13.518,True,mumps,0.001,0.0001,1.0234122660435219e-08,0.0,9.637836231112922e-15,5.4244351233023735e-09,1.0000002363743183,0.8001868286976584,2411180.438031397,4312179.561968603
M1,MPPT,UPF,L2,True,optimal,48,9.706,True,mumps,0.001,0.0001,1.023413354062086e-08,0.0,8.15296725707811e-15,5.424503068951481e-09,1.0000002363734588,0.7999222327242956,2500965.181230018,4222394.818769982
M1,MPPT,UPF,LINF,True,optimal,62,12.37,True,mumps,0.001,0.0001,9.987622062723744e-09,0.0,1.9464012394260673e-10,5.417869486379345e-09,0.8139590773653037,0.8001931448007191,4114645.7534718784,2608714.2465281216
M1,MPPT,VOLT_VAR,L1,True,optimal,60,13.324,True,mumps,0.001,0.0001,1.0234122660435219e-08,0.0,9.36786728893336e-15,5.424435789436188e-09,1.0000002363743057,0.800186929816763,2411762.1792635196,4311597.820736481
M1,MPPT,VOLT_VAR,L2,True,optimal,49,10.715,True,mumps,0.001,0.0001,1.023413354062086e-08,0.0,7.072929152751223e-15,5.4245035130406904e-09,1.0000002363734957,0.7999226759689274,2501428.2631441234,4221931.736855877
M1,MPPT,VOLT_VAR,LINF,True,optimal,57,12.196,True,mumps,0.001,0.0001,9.989777005614542e-09,0.0,2.6876228857934117e-11,5.4190385512242756e-09,0.813800557238152,0.8001953323437534,4147628.6066309786,2575731.3933690214
P,CONSTANT_P,CONSTANT_Q,L1,True,optimal,74,2.884,True,mumps,0.001,0.0001,1.054091969265869e-08,0.0,1.2588272995642533e-09,5.249795265171997e-09,1.000000060482391,0.9013878188591227,582535.7953112948,1061764.204688705
P,CONSTANT_P,CONSTANT_Q,L2,True,optimal,19,1.18,True,mumps,0.001,0.0001,1.0496864266684724e-08,0.0,3.920235783504001e-16,5.249862988776499e-09,1.000000060482115,0.9013878187662592,603644.1130624409,1040655.8869375591
P,CONSTANT_P,CONSTANT_Q,LINF,True,optimal,35,1.752,True,mumps,0.001,0.0001,1.0367676495093292e-08,0.0,4.038436252074007e-15,5.248390611001241e-09,1.000000059736976,0.9013878088159668,741184.7487308308,903115.2512691692
P,CONSTANT_P,CPF,L1,True,optimal,47,2.121,True,mumps,0.001,0.0001,1.9994278711854552e-08,0.0,1.9994278711854552e-08,5.249907841786694e-09,0.873941392742954,0.9279278445261409,1049676.7287571342,594623.2712428658
P,CONSTANT_P,CPF,L2,True,optimal,22,1.312,True,mumps,0.001,0.0001,1.0820350393458966e-08,0.0,1.7095273900622145e-09,5.249936929629939e-09,0.8020616264149304,0.7823392907683994,1096359.8432669875,547940.1567330125
P,CONSTANT_P,CPF,LINF,True,optimal,27,1.562,True,mumps,0.001,0.0001,1.030567475801547e-08,0.0,1.6743550990128142e-13,5.2468054345666815e-09,0.790375832663745,0.902174227574921,1304325.6919395225,339974.3080604775
P,CONSTANT_P,UPF,L1,True,optimal,44,1.899,True,mumps,0.001,0.0001,1.065815169454254e-08,0.0,1.4503408599105984e-09,5.249911616544978e-09,1.0000000604824062,0.8999999999935636,654444.7521602877,989855.2478397123
P,CONSTANT_P,UPF,L2,True,optimal,20,1.251,True,mumps,0.001,0.0001,1.0539270345333307e-08,0.0,4.214253467266801e-16,5.249858103795191e-09,1.0000000604820314,0.8999999999019918,725194.1777726978,919105.8222273022
P,CONSTANT_P,UPF,LINF,True,optimal,63,2.544,True,mumps,0.001,0.0001,1.0342936729301755e-08,0.0,3.1193103655624554e-12,5.2482682644239276e-09,1.0000000592833531,0.899999984365118,927148.2700503926,717151.7299496074
P,CONSTANT_P,VOLT_VAR,L1,True,optimal,55,2.376,True,mumps,0.001,0.0001,1.0657585702844585e-08,0.0,1.4412828281305118e-09,5.249923384909039e-09,1.0000000604824126,0.900167331574244,642751.9973646798,1001548.0026353202
P,CONSTANT_P,VOLT_VAR,L2,True,optimal,20,1.43,True,mumps,0.001,0.0001,1.0539431549716483e-08,0.0,7.422118475375328e-13,5.249882306657128e-09,1.0000000604820303,0.9000695221289746,707043.0763088039,937256.9236911961
P,CONSTANT_P,VOLT_VAR,LINF,True,optimal,79,3.269,True,mumps,0.001,0.0001,1.0352585899653377e-08,0.0,4.28129753871076e-15,5.248266266022483e-09,1.0000000594628597,0.9001587240022019,918160.4326449434,726139.5673550566
P,MPPT,CONSTANT_Q,L1,True,optimal,71,2.917,True,mumps,0.001,0.0001,1.0539557893096685e-08,0.0,8.189989890869866e-10,5.2498205782569585e-09,1.00000006048239,0.8022420705100946,601885.1307341197,1042414.8692658803
P,MPPT,CONSTANT_Q,L2,True,optimal,29,1.526,True,mumps,0.001,0.0001,1.049686448872933e-08,0.0,1.269550527166825e-14,5.249863432865709e-09,1.0000000604821144,0.8019222370702472,615392.3218610602,1028907.6781389398
P,MPPT,CONSTANT_Q,LINF,True,optimal,44,1.951,True,mumps,0.001,0.0001,1.036717911517826e-08,0.0,3.830168866672699e-10,5.24839460780413e-09,1.0000000596267238,0.8021152699387839,746039.4905004367,898260.5094995633
P,MPPT,CPF,L1,True,optimal,63,2.474,True,mumps,0.001,0.0001,1.0826966878596522e-08,0.0,1.6828810926248633e-09,5.249910506321953e-09,0.8670566412967424,0.8412322052797514,1054507.7174271336,589792.2825728664
P,MPPT,CPF,L2,True,optimal,26,1.257,True,mumps,0.001,0.0001,1.0820350615503571e-08,0.0,1.7095273898706676e-09,5.249936707585334e-09,0.8020616264120707,0.7823392906547039,1096359.8433156665,547940.1566843335
P,MPPT,CPF,LINF,True,optimal,32,1.612,True,mumps,0.001,0.0001,1.030567653437231e-08,0.0,4.327397323693613e-12,5.246806322745101e-09,0.7717244435265771,0.8411885903668029,1305508.027342271,338791.97265772894
P,MPPT,UPF,L1,True,optimal,38,1.578,True,mumps,0.001,0.0001,1.0607495770642572e-08,0.0,1.4050779097781587e-09,5.2498916325305345e-09,1.0000000604824075,0.8010699167814022,688537.5714439838,955762.4285560162
P,MPPT,UPF,L2,True,optimal,26,1.286,True,mumps,0.001,0.0001,1.0539271899645541e-08,0.0,1.0717745050887634e-14,5.249857881750586e-09,1.0000000604820272,0.8006903087681775,737677.5912910105,906622.4087089895
P,MPPT,UPF,LINF,True,optimal,79,2.861,True,mumps,0.001,0.0001,1.034179408776481e-08,0.0,9.430701643123257e-11,5.2482713730483965e-09,1.0000000589903926,0.800907534977188,933931.7214295634,710368.2785704366
P,MPPT,VOLT_VAR,L1,True,optimal,40,1.965,True,mumps,0.001,0.0001,1.0553621976328031e-08,0.0,1.3804094945597285e-09,5.249896961601053e-09,1.000000060482404,0.8012010512467618,678867.8556562818,965432.1443437182
P,MPPT,VOLT_VAR,L2,True,optimal,29,1.582,True,mumps,0.001,0.0001,1.0539444206258963e-08,0.0,4.816719316355619e-13,5.249884971192387e-09,1.000000060482054,0.8006823034131461,719693.2914828716,924606.7085171284
P,MPPT,VOLT_VAR,LINF,True,optimal,75,3.016,True,mumps,0.001,0.0001,1.0349548773547212e-08,0.0,1.5593667690712324e-11,5.2482715950930015e-09,1.0000000594534213,0.8009365618850668,925901.6453728074,718398.3546271926
p5rhs0_1247--p5rdt52,CONSTANT_P,CONSTANT_Q,L1,True,optimal,37,6.969,True,mumps,0.001,0.0001,3.774584676763393e-08,0.0,3.469446951953614e-16,5.249929158068767e-09,0.4789415673834633,0.9013878188567505,4117583.467611771,2772816.532388229
p5rhs0_1247--p5rdt52,CONSTANT_P,CONSTANT_Q,L2,True,optimal,35,6.209,True,mumps,0.001,0.0001,1.0388858827196923e-07,0.0,3.528212205153601e-16,5.249952916841494e-09,0.43202599735957453,0.8140131468749072,4181403.154292253,2708996.845707747
p5rhs0_1247--p5rdt52,CONSTANT_P,CONSTANT_Q,LINF,True,optimal,25,5.575,True,mumps,0.001,0.0001,7.346107068657848e-08,0.0,3.434174241275419e-16,5.242001721583733e-09,0.4450664265105331,0.2425544408348294,5073287.02414522,1817112.9758547796
p5rhs0_1247--p5rdt52,CONSTANT_P,CPF,L1,True,optimal,50,8.485,True,mumps,0.001,0.0001,3.7680577838483664e-08,0.0,1.9995853438314892e-08,5.249877865765029e-09,0.35449756053614906,0.6819632316271446,5590780.9520518035,1299619.0479481965
p5rhs0_1247--p5rdt52,CONSTANT_P,CPF,L2,True,optimal,36,6.925,True,mumps,0.001,0.0001,4.134828842112554e-08,0.0,1.998845848560915e-08,5.249924495132063e-09,0.35452154384141343,0.6820024330787524,5592046.092042193,1298353.9079578072
p5rhs0_1247--p5rdt52,CONSTANT_P,CPF,LINF,True,optimal,20,4.961,True,mumps,0.001,0.0001,4.6068353170853477e-08,0.0,4.544975507059235e-16,5.235512912094009e-09,0.12738279212759682,0.09213691363557037,6220270.37341088,670129.6265891204
p5rhs0_1247--p5rdt52,CONSTANT_P,UPF,L1,True,optimal,41,7.031,True,mumps,0.001,0.0001,6.316718210302996e-08,0.0,1.1102230246251565e-15,5.249928713979557e-09,0.47633875287178157,0.8999999999909075,4851866.759701486,2038533.2402985143
p5rhs0_1247--p5rdt52,CONSTANT_P,UPF,L2,True,optimal,28,6.457,True,mumps,0.001,0.0001,3.7728290075667027e-08,0.0,3.885780586188048e-16,5.249955359332148e-09,0.42380600881646513,0.8020161617488643,4906248.818034461,1984151.1819655392
p5rhs0_1247--p5rdt52,CONSTANT_P,UPF,LINF,True,optimal,21,5.043,True,mumps,0.001,0.0001,3.602102013888775e-08,0.0,1.387223669269133e-13,5.241739264860712e-09,0.21085707158710829,0.13868655320639403,5828616.311618934,1061783.6883810656
p5rhs0_1247--p5rdt52,CONSTANT_P,VOLT_VAR,L1,True,optimal,35,7.479,True,mumps,0.001,0.0001,6.059653307952106e-08,0.0,5.52141665721706e-15,5.249932488737841e-09,0.48106498987507224,0.9053803932267068,3423588.239157129,3466811.760842871
p5rhs0_1247--p5rdt52,CONSTANT_P,VOLT_VAR,L2,True,optimal,35,6.993,True,mumps,0.001,0.0001,6.989767747760112e-08,0.0,7.448447988657602e-16,5.249970680409888e-09,0.4517136444949186,0.8356405752503032,3498978.10905682,3391421.89094318
p5rhs0_1247--p5rdt52,CONSTANT_P,VOLT_VAR,LINF,True,optimal,27,5.957,True,mumps,0.001,0.0001,5.2012817488775176e-08,0.0,6.860412621132002e-16,5.2462127975161366e-09,0.587246773441178,0.30665709028631805,4628065.122910625,2262334.8770893747
p5rhs0_1247--p5rdt52,MPPT,CONSTANT_Q,L1,True,optimal,44,7.681,True,mumps,0.001,0.0001,3.7371499643011504e-08,0.0,5.841859415105337e-13,5.249929158068767e-09,0.42648287479416536,0.8040178896887269,4147410.4319292377,2742989.5680707623
p5rhs0_1247--p5rdt52,MPPT,CONSTANT_Q,L2,True,optimal,39,7.464,True,mumps,0.001,0.0001,5.4040620514964055e-08,0.0,9.097779982125542e-15,5.249952916841494e-09,0.42653654784791367,0.8038362821539434,4182576.743022951,2707823.256977049
p5rhs0_1247--p5rdt52,MPPT,CONSTANT_Q,LINF,True,optimal,25,5.486,True,mumps,0.001,0.0001,4.505433963668953e-08,0.0,8.287800601609717e-15,5.241997724780845e-09,0.4450664289277584,0.24255444191121925,5073287.015403321,1817112.984596679
p5rhs0_1247--p5rdt52,MPPT,CPF,L1,True,optimal,48,8.141,True,mumps,0.001,0.0001,4.7332520632104025e-08,0.0,1.999585361178724e-08,5.249877865765029e-09,0.35449756018377493,0.6819632310511707,5590780.956756697,1299619.043243303
p5rhs0_1247--p5rdt52,MPPT,CPF,L2,True,optimal,38,7.346,True,mumps,0.001,0.0001,3.6920915616467376e-08,0.0,1.9988458402342424e-08,5.249924495132063e-09,0.3545215437591722,0.6820024329442841,5592046.094752305,1298353.9052476948
p5rhs0_1247--p5rdt52,MPPT,CPF,LINF,True,optimal,30,6.134,True,mumps,0.001,0.0001,3.821681072448645e-08,0.0,1.1122681880196056e-14,5.235432976036236e-09,0.1273827953521666,0.09213691347280636,6220270.3719094,670129.6280905996
p5rhs0_1247--p5rdt52,MPPT,UPF,L1,True,optimal,52,8.92,True,mumps,0.001,0.0001,6.135491926930609e-08,0.0,1.2742541355103327e-14,5.249928713979557e-09,0.4240576983804537,0.8027384262123152,4882284.770292308,2008115.2297076918
p5rhs0_1247--p5rdt52,MPPT,UPF,L2,True,optimal,41,7.508,True,mumps,0.001,0.0001,4.702740529145541e-08,0.0,9.232950226008785e-15,5.249955137287543e-09,0.4238060045882984,0.8020161538763786,4906248.820063103,1984151.179936897
p5rhs0_1247--p5rdt52,MPPT,UPF,LINF,True,optimal,33,6.466,True,mumps,0.001,0.0001,4.101280819793237e-08,0.0,2.9957811084496805e-13,5.241451939141939e-09,0.21085707107410795,0.13868655037823874,5828616.312669873,1061783.6873301268
p5rhs0_1247--p5rdt52,MPPT,VOLT_VAR,L1,True,optimal,47,9.036,True,mumps,0.001,0.0001,3.506098040367833e-08,0.0,4.5359152134787795e-13,5.249932488737841e-09,0.4282272737701895,0.8079909290623568,3461649.490906054,3428750.509093946
p5rhs0_1247--p5rdt52,MPPT,VOLT_VAR,L2,True,optimal,42,8.507,True,mumps,0.001,0.0001,6.702676633163485e-08,0.0,8.827853473809675e-15,5.249970680409888e-09,0.45184092096745415,0.8051747189438373,3502514.286486693,3387885.713513307
p5rhs0_1247--p5rdt52,MPPT,VOLT_VAR,LINF,True,optimal,25,6.308,True,mumps,0.001,0.0001,3.332471390331271e-08,0.0,1.9793671647960847e-13,5.2462929556185145e-09,0.5872467730388167,0.30665709560411686,4628065.124637584,2262334.875362416
